<?xml version="1.0" encoding="UTF-8"?><roll_call_vote>
  <congress>119</congress>
  <session>1</session>
  <congress_year>2025</congress_year>
  <vote_number>523</vote_number>
  <vote_date>September 17, 2025,  11:48 AM</vote_date>
  <modify_date>September 17, 2025,  12:53 PM</modify_date>
  <vote_question_text>On the Motion to Reconsider PN55-25 and PN55-45 and PN54-7 and PN54-6 and PN55-42 and PN345-16 and PN150-5 and PN141-18 and PN25-33 and PN22-24 and PN13-5 and PN26-22 and PN22-3 and PN25-21 and PN12-22 and PN141-28 and PN141-7 and PN141-37 and PN26-45 and PN129-8 and PN60-10 and PN60-9 and PN55-16 and PN25-2 and PN26-44 and PN60-3 and PN26-31 and PN26-19 and PN26-7 and PN25-40 and PN22-23 and PN26-1 and PN22-19 and PN22-8 and PN22-4 and PN55-41 and PN26-35 and PN26-34 and PN26-8 and PN22-21 and PN22-20 and PN22-27 and PN22-5 and PN22-2 and PN22-1 and PN12-45 and PN12-19 and PN25-28</vote_question_text>
  <vote_document_text>Peter Lamelas, of Florida, to be Ambassador to the Argentine Republic; and Christine Toretti, of Pennsylvania, to be Ambassador to the Kingdom of Sweden; and Kimberly Guilfoyle, of Florida, to be Ambassador to Greece; and Callista Gingrich, of Florida, to be Ambassador to the Swiss Confederation, and to serve concurrently and without additional compensation as Ambassador to the Principality of Liechtenstein; and Bryan Switzer, of Virginia, to be a Deputy United States Trade Representative (Asia, Textiles, Investment, Services, and Intellectual Property), with the rank of Ambassador; and Katherine Scarlett, of Ohio, to be a Member of the Council on Environmental Quality; and Edward Aloysius O'Connell, of the District of Columbia, to be an Associate Judge of the Superior Court of the District of Columbia for the term of fifteen years; and Jason Evans, of Texas, to be an Under Secretary of State (Management); and Jonathan Morrison, of California, to be Administrator of the National Highway Traffic Safety Administration; and Paul Roberti, of Rhode Island, to be Administrator of the Pipeline and Hazardous Materials Safety Administration, Department of Transportation; and Richard Fordyce, of Missouri, to be Under Secretary of Agriculture for Farm Production and Conservation; and Jovan Jovanovic, of Pennsylvania, to be President of the Export-Import Bank of the United States for a term expiring January 20, 2029; and Benjamin DeMarzo, of Virginia, to be an Assistant Secretary of Housing and Urban Development; and Scott Hutchins, of Indiana, to be Under Secretary of Agriculture for Research, Education, and Economics; and Dudley Hoskins, of the District of Columbia, to be Under Secretary of Agriculture for Marketing and Regulatory Programs; and Jennifer Locetta, of Florida, to be Alternate Representative of the United States of America for Special Political Affairs in the United Nations, with the rank of Ambassador, and to serve concurrently and without additional compensation as an Alternate Representative of the United States of America to the Sessions of the General Assembly of the United Nations; and Jeffrey Bartos, of Pennsylvania, to be Representative of the United States of America to the United Nations for U.N. Management and Reform, with the Rank of Ambassador, and to serve concurrently and without additional compensation as an Alternate Representative of the United States of America to the Sessions of the General Assembly of the United Nations; and Peter Thomson, of Louisiana, to be Inspector General, Central Intelligence Agency; and George Wesley Street, of Virginia, to be Director of the National Counterintelligence and Security Center; and Brent Ingraham, of Virginia, to be an Assistant Secretary of the Army; and Jules Hurst III, of Virginia, to be an Assistant Secretary of the Army; and William Gillis, of Virginia, to be an Assistant Secretary of the Army; and Michael Dodd, of Indiana, to be an Assistant Secretary of Defense; and Daniel Aronowitz, of Virginia, to be an Assistant Secretary of Labor; and John Squires, of Florida, to be Under Secretary of Commerce for Intellectual Property and Director of the United States Patent and Trademark Office; and Donald Bergin III, of Virginia, to be an Assistant Secretary of Veterans Affairs (Congressional and Legislative Affairs); and Sean McMaster, of Virginia, to be Administrator of the Federal Highway Administration; and Robert Gleason, of Pennsylvania, to be Director of the Amtrak Board of Directors for a term of five years; and Jonathan Brightbill, of Virginia, to be General Counsel of the Department of Energy; and Tina Pierce, of Idaho, to be Chief Financial Officer, Department of Energy; and Conner Prochaska, of Texas, to be Director of the Advanced Research Projects Agency-Energy, Department of Energy; and Richard Anderson, of Virginia, to be an Assistant Secretary of the Air Force; and Matthew Napoli, of Virginia, to be Deputy Administrator for Defense Nuclear Nonproliferation, National Nuclear Security Administration; and Kyle Haustveit, of Oklahoma, to be an Assistant Secretary of Energy (Fossil Energy); and William L. Doffermyre, of Texas, to be Solicitor of the Department of the Interior; and Katherine Sutton, of Illinois, to be an Assistant Secretary of Defense; and Michael Obadal, of Virginia, to be Under Secretary of the Army; and Sean O'Keefe, of Virginia, to be a Deputy Under Secretary of Defense; and Michael Cadenazzi, of Rhode Island, to be an Assistant Secretary of Defense; and Scott Pappano, of Pennsylvania, to be Principal Deputy Administrator, National Nuclear Security Administration; and Justin Overbaugh, of Florida, to be a Deputy Under Secretary of Defense; and Andrea Travnicek, of North Dakota, to be an Assistant Secretary of the Interior; and Theodore J. Garrish, of Maryland, to be an Assistant Secretary of Energy (Nuclear Energy); and Leslie Beyer, of Texas, to be an Assistant Secretary of the Interior; and Tristan Abbey, of Florida, to be Administrator of the Energy Information Administration; and Brandon Williams, of New York, to be Under Secretary for Nuclear Security; and Dario Gil, of New York, to be Under Secretary for Science, Department of Energy; and Jessica Kramer, of Wisconsin, to be an Assistant Administrator of the Environmental Protection Agency</vote_document_text>
  <vote_result_text>Motion to Reconsider Agreed to (51-47)</vote_result_text>
  <question>On the Motion to Reconsider</question>
  <vote_title>Motion to Reconsider the Vote by which the Motion to Invoke Cloture on Executive Calendar Nos. en bloc (Roll Call Vote No. 522) was not agreed to</vote_title>
  <majority_requirement>1/2</majority_requirement>
  <vote_result>Motion to Reconsider Agreed to</vote_result>
  <document>
    <document_congress>119</document_congress>
    <document_type>PN</document_type>
    <document_number>25-28</document_number>
    <document_name>PN25-28</document_name>
    <document_title>Jessica Kramer, of Wisconsin, to be an Assistant Administrator of the Environmental Protection Agency</document_title>
    <document_short_title/>
  </document>
  <amendment>
    <amendment_number/>
    <amendment_to_amendment_number/>
    <amendment_to_amendment_to_amendment_number/>
    <amendment_to_document_number/>
    <amendment_to_document_short_title/>
    <amendment_purpose>No Statement of Purpose on File.</amendment_purpose>
  </amendment>
  <document>
    <document_congress>119</document_congress>
    <document_type>PN</document_type>
    <document_number>12-19</document_number>
    <document_name>PN12-19</document_name>
    <document_title>Dario Gil, of New York, to be Under Secretary for Science, Department of Energy</document_title>
    <document_short_title/>
  </document>
  <amendment>
    <amendment_number/>
    <amendment_to_amendment_number/>
    <amendment_to_amendment_to_amendment_number/>
    <amendment_to_document_number/>
    <amendment_to_document_short_title/>
    <amendment_purpose>No Statement of Purpose on File.</amendment_purpose>
  </amendment>
  <document>
    <document_congress>119</document_congress>
    <document_type>PN</document_type>
    <document_number>12-45</document_number>
    <document_name>PN12-45</document_name>
    <document_title>Brandon Williams, of New York, to be Under Secretary for Nuclear Security</document_title>
    <document_short_title/>
  </document>
  <amendment>
    <amendment_number/>
    <amendment_to_amendment_number/>
    <amendment_to_amendment_to_amendment_number/>
    <amendment_to_document_number/>
    <amendment_to_document_short_title/>
    <amendment_purpose>No Statement of Purpose on File.</amendment_purpose>
  </amendment>
  <document>
    <document_congress>119</document_congress>
    <document_type>PN</document_type>
    <document_number>22-1</document_number>
    <document_name>PN22-1</document_name>
    <document_title>Tristan Abbey, of Florida, to be Administrator of the Energy Information Administration</document_title>
    <document_short_title/>
  </document>
  <amendment>
    <amendment_number/>
    <amendment_to_amendment_number/>
    <amendment_to_amendment_to_amendment_number/>
    <amendment_to_document_number/>
    <amendment_to_document_short_title/>
    <amendment_purpose>No Statement of Purpose on File.</amendment_purpose>
  </amendment>
  <document>
    <document_congress>119</document_congress>
    <document_type>PN</document_type>
    <document_number>22-2</document_number>
    <document_name>PN22-2</document_name>
    <document_title>Leslie Beyer, of Texas, to be an Assistant Secretary of the Interior</document_title>
    <document_short_title/>
  </document>
  <amendment>
    <amendment_number/>
    <amendment_to_amendment_number/>
    <amendment_to_amendment_to_amendment_number/>
    <amendment_to_document_number/>
    <amendment_to_document_short_title/>
    <amendment_purpose>No Statement of Purpose on File.</amendment_purpose>
  </amendment>
  <document>
    <document_congress>119</document_congress>
    <document_type>PN</document_type>
    <document_number>22-5</document_number>
    <document_name>PN22-5</document_name>
    <document_title>Theodore J. Garrish, of Maryland, to be an Assistant Secretary of Energy (Nuclear Energy)</document_title>
    <document_short_title/>
  </document>
  <amendment>
    <amendment_number/>
    <amendment_to_amendment_number/>
    <amendment_to_amendment_to_amendment_number/>
    <amendment_to_document_number/>
    <amendment_to_document_short_title/>
    <amendment_purpose>No Statement of Purpose on File.</amendment_purpose>
  </amendment>
  <document>
    <document_congress>119</document_congress>
    <document_type>PN</document_type>
    <document_number>22-27</document_number>
    <document_name>PN22-27</document_name>
    <document_title>Andrea Travnicek, of North Dakota, to be an Assistant Secretary of the Interior</document_title>
    <document_short_title/>
  </document>
  <amendment>
    <amendment_number/>
    <amendment_to_amendment_number/>
    <amendment_to_amendment_to_amendment_number/>
    <amendment_to_document_number/>
    <amendment_to_document_short_title/>
    <amendment_purpose>No Statement of Purpose on File.</amendment_purpose>
  </amendment>
  <document>
    <document_congress>119</document_congress>
    <document_type>PN</document_type>
    <document_number>22-20</document_number>
    <document_name>PN22-20</document_name>
    <document_title>Justin Overbaugh, of Florida, to be a Deputy Under Secretary of Defense</document_title>
    <document_short_title/>
  </document>
  <amendment>
    <amendment_number/>
    <amendment_to_amendment_number/>
    <amendment_to_amendment_to_amendment_number/>
    <amendment_to_document_number/>
    <amendment_to_document_short_title/>
    <amendment_purpose>No Statement of Purpose on File.</amendment_purpose>
  </amendment>
  <document>
    <document_congress>119</document_congress>
    <document_type>PN</document_type>
    <document_number>22-21</document_number>
    <document_name>PN22-21</document_name>
    <document_title>Scott Pappano, of Pennsylvania, to be Principal Deputy Administrator, National Nuclear Security Administration</document_title>
    <document_short_title/>
  </document>
  <amendment>
    <amendment_number/>
    <amendment_to_amendment_number/>
    <amendment_to_amendment_to_amendment_number/>
    <amendment_to_document_number/>
    <amendment_to_document_short_title/>
    <amendment_purpose>No Statement of Purpose on File.</amendment_purpose>
  </amendment>
  <document>
    <document_congress>119</document_congress>
    <document_type>PN</document_type>
    <document_number>26-8</document_number>
    <document_name>PN26-8</document_name>
    <document_title>Michael Cadenazzi, of Rhode Island, to be an Assistant Secretary of Defense</document_title>
    <document_short_title/>
  </document>
  <amendment>
    <amendment_number/>
    <amendment_to_amendment_number/>
    <amendment_to_amendment_to_amendment_number/>
    <amendment_to_document_number/>
    <amendment_to_document_short_title/>
    <amendment_purpose>No Statement of Purpose on File.</amendment_purpose>
  </amendment>
  <document>
    <document_congress>119</document_congress>
    <document_type>PN</document_type>
    <document_number>26-34</document_number>
    <document_name>PN26-34</document_name>
    <document_title>Sean O'Keefe, of Virginia, to be a Deputy Under Secretary of Defense</document_title>
    <document_short_title/>
  </document>
  <amendment>
    <amendment_number/>
    <amendment_to_amendment_number/>
    <amendment_to_amendment_to_amendment_number/>
    <amendment_to_document_number/>
    <amendment_to_document_short_title/>
    <amendment_purpose>No Statement of Purpose on File.</amendment_purpose>
  </amendment>
  <document>
    <document_congress>119</document_congress>
    <document_type>PN</document_type>
    <document_number>26-35</document_number>
    <document_name>PN26-35</document_name>
    <document_title>Michael Obadal, of Virginia, to be Under Secretary of the Army</document_title>
    <document_short_title/>
  </document>
  <amendment>
    <amendment_number/>
    <amendment_to_amendment_number/>
    <amendment_to_amendment_to_amendment_number/>
    <amendment_to_document_number/>
    <amendment_to_document_short_title/>
    <amendment_purpose>No Statement of Purpose on File.</amendment_purpose>
  </amendment>
  <document>
    <document_congress>119</document_congress>
    <document_type>PN</document_type>
    <document_number>55-41</document_number>
    <document_name>PN55-41</document_name>
    <document_title>Katherine Sutton, of Illinois, to be an Assistant Secretary of Defense</document_title>
    <document_short_title/>
  </document>
  <amendment>
    <amendment_number/>
    <amendment_to_amendment_number/>
    <amendment_to_amendment_to_amendment_number/>
    <amendment_to_document_number/>
    <amendment_to_document_short_title/>
    <amendment_purpose>No Statement of Purpose on File.</amendment_purpose>
  </amendment>
  <document>
    <document_congress>119</document_congress>
    <document_type>PN</document_type>
    <document_number>22-4</document_number>
    <document_name>PN22-4</document_name>
    <document_title>William L. Doffermyre, of Texas, to be Solicitor of the Department of the Interior</document_title>
    <document_short_title/>
  </document>
  <amendment>
    <amendment_number/>
    <amendment_to_amendment_number/>
    <amendment_to_amendment_to_amendment_number/>
    <amendment_to_document_number/>
    <amendment_to_document_short_title/>
    <amendment_purpose>No Statement of Purpose on File.</amendment_purpose>
  </amendment>
  <document>
    <document_congress>119</document_congress>
    <document_type>PN</document_type>
    <document_number>22-8</document_number>
    <document_name>PN22-8</document_name>
    <document_title>Kyle Haustveit, of Oklahoma, to be an Assistant Secretary of Energy (Fossil Energy)</document_title>
    <document_short_title/>
  </document>
  <amendment>
    <amendment_number/>
    <amendment_to_amendment_number/>
    <amendment_to_amendment_to_amendment_number/>
    <amendment_to_document_number/>
    <amendment_to_document_short_title/>
    <amendment_purpose>No Statement of Purpose on File.</amendment_purpose>
  </amendment>
  <document>
    <document_congress>119</document_congress>
    <document_type>PN</document_type>
    <document_number>22-19</document_number>
    <document_name>PN22-19</document_name>
    <document_title>Matthew Napoli, of Virginia, to be Deputy Administrator for Defense Nuclear Nonproliferation, National Nuclear Security Administration</document_title>
    <document_short_title/>
  </document>
  <amendment>
    <amendment_number/>
    <amendment_to_amendment_number/>
    <amendment_to_amendment_to_amendment_number/>
    <amendment_to_document_number/>
    <amendment_to_document_short_title/>
    <amendment_purpose>No Statement of Purpose on File.</amendment_purpose>
  </amendment>
  <document>
    <document_congress>119</document_congress>
    <document_type>PN</document_type>
    <document_number>26-1</document_number>
    <document_name>PN26-1</document_name>
    <document_title>Richard Anderson, of Virginia, to be an Assistant Secretary of the Air Force</document_title>
    <document_short_title/>
  </document>
  <amendment>
    <amendment_number/>
    <amendment_to_amendment_number/>
    <amendment_to_amendment_to_amendment_number/>
    <amendment_to_document_number/>
    <amendment_to_document_short_title/>
    <amendment_purpose>No Statement of Purpose on File.</amendment_purpose>
  </amendment>
  <document>
    <document_congress>119</document_congress>
    <document_type>PN</document_type>
    <document_number>22-23</document_number>
    <document_name>PN22-23</document_name>
    <document_title>Conner Prochaska, of Texas, to be Director of the Advanced Research Projects Agency-Energy, Department of Energy</document_title>
    <document_short_title/>
  </document>
  <amendment>
    <amendment_number/>
    <amendment_to_amendment_number/>
    <amendment_to_amendment_to_amendment_number/>
    <amendment_to_document_number/>
    <amendment_to_document_short_title/>
    <amendment_purpose>No Statement of Purpose on File.</amendment_purpose>
  </amendment>
  <document>
    <document_congress>119</document_congress>
    <document_type>PN</document_type>
    <document_number>25-40</document_number>
    <document_name>PN25-40</document_name>
    <document_title>Tina Pierce, of Idaho, to be Chief Financial Officer, Department of Energy</document_title>
    <document_short_title/>
  </document>
  <amendment>
    <amendment_number/>
    <amendment_to_amendment_number/>
    <amendment_to_amendment_to_amendment_number/>
    <amendment_to_document_number/>
    <amendment_to_document_short_title/>
    <amendment_purpose>No Statement of Purpose on File.</amendment_purpose>
  </amendment>
  <document>
    <document_congress>119</document_congress>
    <document_type>PN</document_type>
    <document_number>26-7</document_number>
    <document_name>PN26-7</document_name>
    <document_title>Jonathan Brightbill, of Virginia, to be General Counsel of the Department of Energy</document_title>
    <document_short_title/>
  </document>
  <amendment>
    <amendment_number/>
    <amendment_to_amendment_number/>
    <amendment_to_amendment_to_amendment_number/>
    <amendment_to_document_number/>
    <amendment_to_document_short_title/>
    <amendment_purpose>No Statement of Purpose on File.</amendment_purpose>
  </amendment>
  <document>
    <document_congress>119</document_congress>
    <document_type>PN</document_type>
    <document_number>26-19</document_number>
    <document_name>PN26-19</document_name>
    <document_title>Robert Gleason, of Pennsylvania, to be Director of the Amtrak Board of Directors for a term of five years</document_title>
    <document_short_title/>
  </document>
  <amendment>
    <amendment_number/>
    <amendment_to_amendment_number/>
    <amendment_to_amendment_to_amendment_number/>
    <amendment_to_document_number/>
    <amendment_to_document_short_title/>
    <amendment_purpose>No Statement of Purpose on File.</amendment_purpose>
  </amendment>
  <document>
    <document_congress>119</document_congress>
    <document_type>PN</document_type>
    <document_number>26-31</document_number>
    <document_name>PN26-31</document_name>
    <document_title>Sean McMaster, of Virginia, to be Administrator of the Federal Highway Administration</document_title>
    <document_short_title/>
  </document>
  <amendment>
    <amendment_number/>
    <amendment_to_amendment_number/>
    <amendment_to_amendment_to_amendment_number/>
    <amendment_to_document_number/>
    <amendment_to_document_short_title/>
    <amendment_purpose>No Statement of Purpose on File.</amendment_purpose>
  </amendment>
  <document>
    <document_congress>119</document_congress>
    <document_type>PN</document_type>
    <document_number>60-3</document_number>
    <document_name>PN60-3</document_name>
    <document_title>Donald Bergin III, of Virginia, to be an Assistant Secretary of Veterans Affairs (Congressional and Legislative Affairs)</document_title>
    <document_short_title/>
  </document>
  <amendment>
    <amendment_number/>
    <amendment_to_amendment_number/>
    <amendment_to_amendment_to_amendment_number/>
    <amendment_to_document_number/>
    <amendment_to_document_short_title/>
    <amendment_purpose>No Statement of Purpose on File.</amendment_purpose>
  </amendment>
  <document>
    <document_congress>119</document_congress>
    <document_type>PN</document_type>
    <document_number>26-44</document_number>
    <document_name>PN26-44</document_name>
    <document_title>John Squires, of Florida, to be Under Secretary of Commerce for Intellectual Property and Director of the United States Patent and Trademark Office</document_title>
    <document_short_title/>
  </document>
  <amendment>
    <amendment_number/>
    <amendment_to_amendment_number/>
    <amendment_to_amendment_to_amendment_number/>
    <amendment_to_document_number/>
    <amendment_to_document_short_title/>
    <amendment_purpose>No Statement of Purpose on File.</amendment_purpose>
  </amendment>
  <document>
    <document_congress>119</document_congress>
    <document_type>PN</document_type>
    <document_number>25-2</document_number>
    <document_name>PN25-2</document_name>
    <document_title>Daniel Aronowitz, of Virginia, to be an Assistant Secretary of Labor</document_title>
    <document_short_title/>
  </document>
  <amendment>
    <amendment_number/>
    <amendment_to_amendment_number/>
    <amendment_to_amendment_to_amendment_number/>
    <amendment_to_document_number/>
    <amendment_to_document_short_title/>
    <amendment_purpose>No Statement of Purpose on File.</amendment_purpose>
  </amendment>
  <document>
    <document_congress>119</document_congress>
    <document_type>PN</document_type>
    <document_number>55-16</document_number>
    <document_name>PN55-16</document_name>
    <document_title>Michael Dodd, of Indiana, to be an Assistant Secretary of Defense</document_title>
    <document_short_title/>
  </document>
  <amendment>
    <amendment_number/>
    <amendment_to_amendment_number/>
    <amendment_to_amendment_to_amendment_number/>
    <amendment_to_document_number/>
    <amendment_to_document_short_title/>
    <amendment_purpose>No Statement of Purpose on File.</amendment_purpose>
  </amendment>
  <document>
    <document_congress>119</document_congress>
    <document_type>PN</document_type>
    <document_number>60-9</document_number>
    <document_name>PN60-9</document_name>
    <document_title>William Gillis, of Virginia, to be an Assistant Secretary of the Army</document_title>
    <document_short_title/>
  </document>
  <amendment>
    <amendment_number/>
    <amendment_to_amendment_number/>
    <amendment_to_amendment_to_amendment_number/>
    <amendment_to_document_number/>
    <amendment_to_document_short_title/>
    <amendment_purpose>No Statement of Purpose on File.</amendment_purpose>
  </amendment>
  <document>
    <document_congress>119</document_congress>
    <document_type>PN</document_type>
    <document_number>60-10</document_number>
    <document_name>PN60-10</document_name>
    <document_title>Jules Hurst III, of Virginia, to be an Assistant Secretary of the Army</document_title>
    <document_short_title/>
  </document>
  <amendment>
    <amendment_number/>
    <amendment_to_amendment_number/>
    <amendment_to_amendment_to_amendment_number/>
    <amendment_to_document_number/>
    <amendment_to_document_short_title/>
    <amendment_purpose>No Statement of Purpose on File.</amendment_purpose>
  </amendment>
  <document>
    <document_congress>119</document_congress>
    <document_type>PN</document_type>
    <document_number>129-8</document_number>
    <document_name>PN129-8</document_name>
    <document_title>Brent Ingraham, of Virginia, to be an Assistant Secretary of the Army</document_title>
    <document_short_title/>
  </document>
  <amendment>
    <amendment_number/>
    <amendment_to_amendment_number/>
    <amendment_to_amendment_to_amendment_number/>
    <amendment_to_document_number/>
    <amendment_to_document_short_title/>
    <amendment_purpose>No Statement of Purpose on File.</amendment_purpose>
  </amendment>
  <document>
    <document_congress>119</document_congress>
    <document_type>PN</document_type>
    <document_number>26-45</document_number>
    <document_name>PN26-45</document_name>
    <document_title>George Wesley Street, of Virginia, to be Director of the National Counterintelligence and Security Center</document_title>
    <document_short_title/>
  </document>
  <amendment>
    <amendment_number/>
    <amendment_to_amendment_number/>
    <amendment_to_amendment_to_amendment_number/>
    <amendment_to_document_number/>
    <amendment_to_document_short_title/>
    <amendment_purpose>No Statement of Purpose on File.</amendment_purpose>
  </amendment>
  <document>
    <document_congress>119</document_congress>
    <document_type>PN</document_type>
    <document_number>141-37</document_number>
    <document_name>PN141-37</document_name>
    <document_title>Peter Thomson, of Louisiana, to be Inspector General, Central Intelligence Agency</document_title>
    <document_short_title/>
  </document>
  <amendment>
    <amendment_number/>
    <amendment_to_amendment_number/>
    <amendment_to_amendment_to_amendment_number/>
    <amendment_to_document_number/>
    <amendment_to_document_short_title/>
    <amendment_purpose>No Statement of Purpose on File.</amendment_purpose>
  </amendment>
  <document>
    <document_congress>119</document_congress>
    <document_type>PN</document_type>
    <document_number>141-7</document_number>
    <document_name>PN141-7</document_name>
    <document_title>Jeffrey Bartos, of Pennsylvania, to be Representative of the United States of America to the United Nations for U.N. Management and Reform, with the Rank of Ambassador, and to serve concurrently and without additional compensation as an Alternate Representative of the United States of America to the Sessions of the General Assembly of the United Nations</document_title>
    <document_short_title/>
  </document>
  <amendment>
    <amendment_number/>
    <amendment_to_amendment_number/>
    <amendment_to_amendment_to_amendment_number/>
    <amendment_to_document_number/>
    <amendment_to_document_short_title/>
    <amendment_purpose>No Statement of Purpose on File.</amendment_purpose>
  </amendment>
  <document>
    <document_congress>119</document_congress>
    <document_type>PN</document_type>
    <document_number>141-28</document_number>
    <document_name>PN141-28</document_name>
    <document_title>Jennifer Locetta, of Florida, to be Alternate Representative of the United States of America for Special Political Affairs in the United Nations, with the rank of Ambassador, and to serve concurrently and without additional compensation as an Alternate Representative of the United States of America to the Sessions of the General Assembly of the United Nations</document_title>
    <document_short_title/>
  </document>
  <amendment>
    <amendment_number/>
    <amendment_to_amendment_number/>
    <amendment_to_amendment_to_amendment_number/>
    <amendment_to_document_number/>
    <amendment_to_document_short_title/>
    <amendment_purpose>No Statement of Purpose on File.</amendment_purpose>
  </amendment>
  <document>
    <document_congress>119</document_congress>
    <document_type>PN</document_type>
    <document_number>12-22</document_number>
    <document_name>PN12-22</document_name>
    <document_title>Dudley Hoskins, of the District of Columbia, to be Under Secretary of Agriculture for Marketing and Regulatory Programs</document_title>
    <document_short_title/>
  </document>
  <amendment>
    <amendment_number/>
    <amendment_to_amendment_number/>
    <amendment_to_amendment_to_amendment_number/>
    <amendment_to_document_number/>
    <amendment_to_document_short_title/>
    <amendment_purpose>No Statement of Purpose on File.</amendment_purpose>
  </amendment>
  <document>
    <document_congress>119</document_congress>
    <document_type>PN</document_type>
    <document_number>25-21</document_number>
    <document_name>PN25-21</document_name>
    <document_title>Scott Hutchins, of Indiana, to be Under Secretary of Agriculture for Research, Education, and Economics</document_title>
    <document_short_title/>
  </document>
  <amendment>
    <amendment_number/>
    <amendment_to_amendment_number/>
    <amendment_to_amendment_to_amendment_number/>
    <amendment_to_document_number/>
    <amendment_to_document_short_title/>
    <amendment_purpose>No Statement of Purpose on File.</amendment_purpose>
  </amendment>
  <document>
    <document_congress>119</document_congress>
    <document_type>PN</document_type>
    <document_number>22-3</document_number>
    <document_name>PN22-3</document_name>
    <document_title>Benjamin DeMarzo, of Virginia, to be an Assistant Secretary of Housing and Urban Development</document_title>
    <document_short_title/>
  </document>
  <amendment>
    <amendment_number/>
    <amendment_to_amendment_number/>
    <amendment_to_amendment_to_amendment_number/>
    <amendment_to_document_number/>
    <amendment_to_document_short_title/>
    <amendment_purpose>No Statement of Purpose on File.</amendment_purpose>
  </amendment>
  <document>
    <document_congress>119</document_congress>
    <document_type>PN</document_type>
    <document_number>26-22</document_number>
    <document_name>PN26-22</document_name>
    <document_title>Jovan Jovanovic, of Pennsylvania, to be President of the Export-Import Bank of the United States for a term expiring January 20, 2029</document_title>
    <document_short_title/>
  </document>
  <amendment>
    <amendment_number/>
    <amendment_to_amendment_number/>
    <amendment_to_amendment_to_amendment_number/>
    <amendment_to_document_number/>
    <amendment_to_document_short_title/>
    <amendment_purpose>No Statement of Purpose on File.</amendment_purpose>
  </amendment>
  <document>
    <document_congress>119</document_congress>
    <document_type>PN</document_type>
    <document_number>13-5</document_number>
    <document_name>PN13-5</document_name>
    <document_title>Richard Fordyce, of Missouri, to be Under Secretary of Agriculture for Farm Production and Conservation</document_title>
    <document_short_title/>
  </document>
  <amendment>
    <amendment_number/>
    <amendment_to_amendment_number/>
    <amendment_to_amendment_to_amendment_number/>
    <amendment_to_document_number/>
    <amendment_to_document_short_title/>
    <amendment_purpose>No Statement of Purpose on File.</amendment_purpose>
  </amendment>
  <document>
    <document_congress>119</document_congress>
    <document_type>PN</document_type>
    <document_number>22-24</document_number>
    <document_name>PN22-24</document_name>
    <document_title>Paul Roberti, of Rhode Island, to be Administrator of the Pipeline and Hazardous Materials Safety Administration, Department of Transportation</document_title>
    <document_short_title/>
  </document>
  <amendment>
    <amendment_number/>
    <amendment_to_amendment_number/>
    <amendment_to_amendment_to_amendment_number/>
    <amendment_to_document_number/>
    <amendment_to_document_short_title/>
    <amendment_purpose>No Statement of Purpose on File.</amendment_purpose>
  </amendment>
  <document>
    <document_congress>119</document_congress>
    <document_type>PN</document_type>
    <document_number>25-33</document_number>
    <document_name>PN25-33</document_name>
    <document_title>Jonathan Morrison, of California, to be Administrator of the National Highway Traffic Safety Administration</document_title>
    <document_short_title/>
  </document>
  <amendment>
    <amendment_number/>
    <amendment_to_amendment_number/>
    <amendment_to_amendment_to_amendment_number/>
    <amendment_to_document_number/>
    <amendment_to_document_short_title/>
    <amendment_purpose>No Statement of Purpose on File.</amendment_purpose>
  </amendment>
  <document>
    <document_congress>119</document_congress>
    <document_type>PN</document_type>
    <document_number>141-18</document_number>
    <document_name>PN141-18</document_name>
    <document_title>Jason Evans, of Texas, to be an Under Secretary of State (Management)</document_title>
    <document_short_title/>
  </document>
  <amendment>
    <amendment_number/>
    <amendment_to_amendment_number/>
    <amendment_to_amendment_to_amendment_number/>
    <amendment_to_document_number/>
    <amendment_to_document_short_title/>
    <amendment_purpose>No Statement of Purpose on File.</amendment_purpose>
  </amendment>
  <document>
    <document_congress>119</document_congress>
    <document_type>PN</document_type>
    <document_number>150-5</document_number>
    <document_name>PN150-5</document_name>
    <document_title>Edward Aloysius O'Connell, of the District of Columbia, to be an Associate Judge of the Superior Court of the District of Columbia for the term of fifteen years</document_title>
    <document_short_title/>
  </document>
  <amendment>
    <amendment_number/>
    <amendment_to_amendment_number/>
    <amendment_to_amendment_to_amendment_number/>
    <amendment_to_document_number/>
    <amendment_to_document_short_title/>
    <amendment_purpose>No Statement of Purpose on File.</amendment_purpose>
  </amendment>
  <document>
    <document_congress>119</document_congress>
    <document_type>PN</document_type>
    <document_number>345-16</document_number>
    <document_name>PN345-16</document_name>
    <document_title>Katherine Scarlett, of Ohio, to be a Member of the Council on Environmental Quality</document_title>
    <document_short_title/>
  </document>
  <amendment>
    <amendment_number/>
    <amendment_to_amendment_number/>
    <amendment_to_amendment_to_amendment_number/>
    <amendment_to_document_number/>
    <amendment_to_document_short_title/>
    <amendment_purpose>No Statement of Purpose on File.</amendment_purpose>
  </amendment>
  <document>
    <document_congress>119</document_congress>
    <document_type>PN</document_type>
    <document_number>55-42</document_number>
    <document_name>PN55-42</document_name>
    <document_title>Bryan Switzer, of Virginia, to be a Deputy United States Trade Representative (Asia, Textiles, Investment, Services, and Intellectual Property), with the rank of Ambassador</document_title>
    <document_short_title/>
  </document>
  <amendment>
    <amendment_number/>
    <amendment_to_amendment_number/>
    <amendment_to_amendment_to_amendment_number/>
    <amendment_to_document_number/>
    <amendment_to_document_short_title/>
    <amendment_purpose>No Statement of Purpose on File.</amendment_purpose>
  </amendment>
  <document>
    <document_congress>119</document_congress>
    <document_type>PN</document_type>
    <document_number>54-6</document_number>
    <document_name>PN54-6</document_name>
    <document_title>Callista Gingrich, of Florida, to be Ambassador to the Swiss Confederation, and to serve concurrently and without additional compensation as Ambassador to the Principality of Liechtenstein</document_title>
    <document_short_title/>
  </document>
  <amendment>
    <amendment_number/>
    <amendment_to_amendment_number/>
    <amendment_to_amendment_to_amendment_number/>
    <amendment_to_document_number/>
    <amendment_to_document_short_title/>
    <amendment_purpose>No Statement of Purpose on File.</amendment_purpose>
  </amendment>
  <document>
    <document_congress>119</document_congress>
    <document_type>PN</document_type>
    <document_number>54-7</document_number>
    <document_name>PN54-7</document_name>
    <document_title>Kimberly Guilfoyle, of Florida, to be Ambassador to Greece</document_title>
    <document_short_title/>
  </document>
  <amendment>
    <amendment_number/>
    <amendment_to_amendment_number/>
    <amendment_to_amendment_to_amendment_number/>
    <amendment_to_document_number/>
    <amendment_to_document_short_title/>
    <amendment_purpose>No Statement of Purpose on File.</amendment_purpose>
  </amendment>
  <document>
    <document_congress>119</document_congress>
    <document_type>PN</document_type>
    <document_number>55-45</document_number>
    <document_name>PN55-45</document_name>
    <document_title>Christine Toretti, of Pennsylvania, to be Ambassador to the Kingdom of Sweden</document_title>
    <document_short_title/>
  </document>
  <amendment>
    <amendment_number/>
    <amendment_to_amendment_number/>
    <amendment_to_amendment_to_amendment_number/>
    <amendment_to_document_number/>
    <amendment_to_document_short_title/>
    <amendment_purpose>No Statement of Purpose on File.</amendment_purpose>
  </amendment>
  <document>
    <document_congress>119</document_congress>
    <document_type>PN</document_type>
    <document_number>55-25</document_number>
    <document_name>PN55-25</document_name>
    <document_title>Peter Lamelas, of Florida, to be Ambassador to the Argentine Republic</document_title>
    <document_short_title/>
  </document>
  <amendment>
    <amendment_number/>
    <amendment_to_amendment_number/>
    <amendment_to_amendment_to_amendment_number/>
    <amendment_to_document_number/>
    <amendment_to_document_short_title/>
    <amendment_purpose>No Statement of Purpose on File.</amendment_purpose>
  </amendment>
  <count>
    <yeas>51</yeas>
    <nays>47</nays>
    <present/>
    <absent>2</absent>
  </count>
  <tie_breaker>
    <by_whom/>
    <tie_breaker_vote/>
  </tie_breaker>
  <members>
    <member>
      <member_full>Alsobrooks (D-MD)</member_full>
      <last_name>Alsobrooks</last_name>
      <first_name>Angela</first_name>
      <party>D</party>
      <state>MD</state>
      <vote_cast>Nay</vote_cast>
      <lis_member_id>S428</lis_member_id>
    </member>
    <member>
      <member_full>Baldwin (D-WI)</member_full>
      <last_name>Baldwin</last_name>
      <first_name>Tammy</first_name>
      <party>D</party>
      <state>WI</state>
      <vote_cast>Nay</vote_cast>
      <lis_member_id>S354</lis_member_id>
    </member>
    <member>
      <member_full>Banks (R-IN)</member_full>
      <last_name>Banks</last_name>
      <first_name>Jim</first_name>
      <party>R</party>
      <state>IN</state>
      <vote_cast>Yea</vote_cast>
      <lis_member_id>S429</lis_member_id>
    </member>
    <member>
      <member_full>Barrasso (R-WY)</member_full>
      <last_name>Barrasso</last_name>
      <first_name>John</first_name>
      <party>R</party>
      <state>WY</state>
      <vote_cast>Yea</vote_cast>
      <lis_member_id>S317</lis_member_id>
    </member>
    <member>
      <member_full>Bennet (D-CO)</member_full>
      <last_name>Bennet</last_name>
      <first_name>Michael</first_name>
      <party>D</party>
      <state>CO</state>
      <vote_cast>Nay</vote_cast>
      <lis_member_id>S330</lis_member_id>
    </member>
    <member>
      <member_full>Blackburn (R-TN)</member_full>
      <last_name>Blackburn</last_name>
      <first_name>Marsha</first_name>
      <party>R</party>
      <state>TN</state>
      <vote_cast>Yea</vote_cast>
      <lis_member_id>S396</lis_member_id>
    </member>
    <member>
      <member_full>Blumenthal (D-CT)</member_full>
      <last_name>Blumenthal</last_name>
      <first_name>Richard</first_name>
      <party>D</party>
      <state>CT</state>
      <vote_cast>Nay</vote_cast>
      <lis_member_id>S341</lis_member_id>
    </member>
    <member>
      <member_full>Blunt Rochester (D-DE)</member_full>
      <last_name>Blunt Rochester</last_name>
      <first_name>Lisa</first_name>
      <party>D</party>
      <state>DE</state>
      <vote_cast>Nay</vote_cast>
      <lis_member_id>S430</lis_member_id>
    </member>
    <member>
      <member_full>Booker (D-NJ)</member_full>
      <last_name>Booker</last_name>
      <first_name>Cory</first_name>
      <party>D</party>
      <state>NJ</state>
      <vote_cast>Nay</vote_cast>
      <lis_member_id>S370</lis_member_id>
    </member>
    <member>
      <member_full>Boozman (R-AR)</member_full>
      <last_name>Boozman</last_name>
      <first_name>John</first_name>
      <party>R</party>
      <state>AR</state>
      <vote_cast>Yea</vote_cast>
      <lis_member_id>S343</lis_member_id>
    </member>
    <member>
      <member_full>Britt (R-AL)</member_full>
      <last_name>Britt</last_name>
      <first_name>Katie</first_name>
      <party>R</party>
      <state>AL</state>
      <vote_cast>Yea</vote_cast>
      <lis_member_id>S416</lis_member_id>
    </member>
    <member>
      <member_full>Budd (R-NC)</member_full>
      <last_name>Budd</last_name>
      <first_name>Ted</first_name>
      <party>R</party>
      <state>NC</state>
      <vote_cast>Yea</vote_cast>
      <lis_member_id>S417</lis_member_id>
    </member>
    <member>
      <member_full>Cantwell (D-WA)</member_full>
      <last_name>Cantwell</last_name>
      <first_name>Maria</first_name>
      <party>D</party>
      <state>WA</state>
      <vote_cast>Nay</vote_cast>
      <lis_member_id>S275</lis_member_id>
    </member>
    <member>
      <member_full>Capito (R-WV)</member_full>
      <last_name>Capito</last_name>
      <first_name>Shelley</first_name>
      <party>R</party>
      <state>WV</state>
      <vote_cast>Yea</vote_cast>
      <lis_member_id>S372</lis_member_id>
    </member>
    <member>
      <member_full>Cassidy (R-LA)</member_full>
      <last_name>Cassidy</last_name>
      <first_name>Bill</first_name>
      <party>R</party>
      <state>LA</state>
      <vote_cast>Yea</vote_cast>
      <lis_member_id>S373</lis_member_id>
    </member>
    <member>
      <member_full>Collins (R-ME)</member_full>
      <last_name>Collins</last_name>
      <first_name>Susan</first_name>
      <party>R</party>
      <state>ME</state>
      <vote_cast>Yea</vote_cast>
      <lis_member_id>S252</lis_member_id>
    </member>
    <member>
      <member_full>Coons (D-DE)</member_full>
      <last_name>Coons</last_name>
      <first_name>Christopher</first_name>
      <party>D</party>
      <state>DE</state>
      <vote_cast>Nay</vote_cast>
      <lis_member_id>S337</lis_member_id>
    </member>
    <member>
      <member_full>Cornyn (R-TX)</member_full>
      <last_name>Cornyn</last_name>
      <first_name>John</first_name>
      <party>R</party>
      <state>TX</state>
      <vote_cast>Yea</vote_cast>
      <lis_member_id>S287</lis_member_id>
    </member>
    <member>
      <member_full>Cortez Masto (D-NV)</member_full>
      <last_name>Cortez Masto</last_name>
      <first_name>Catherine</first_name>
      <party>D</party>
      <state>NV</state>
      <vote_cast>Nay</vote_cast>
      <lis_member_id>S385</lis_member_id>
    </member>
    <member>
      <member_full>Cotton (R-AR)</member_full>
      <last_name>Cotton</last_name>
      <first_name>Tom</first_name>
      <party>R</party>
      <state>AR</state>
      <vote_cast>Yea</vote_cast>
      <lis_member_id>S374</lis_member_id>
    </member>
    <member>
      <member_full>Cramer (R-ND)</member_full>
      <last_name>Cramer</last_name>
      <first_name>Kevin</first_name>
      <party>R</party>
      <state>ND</state>
      <vote_cast>Yea</vote_cast>
      <lis_member_id>S398</lis_member_id>
    </member>
    <member>
      <member_full>Crapo (R-ID)</member_full>
      <last_name>Crapo</last_name>
      <first_name>Mike</first_name>
      <party>R</party>
      <state>ID</state>
      <vote_cast>Yea</vote_cast>
      <lis_member_id>S266</lis_member_id>
    </member>
    <member>
      <member_full>Cruz (R-TX)</member_full>
      <last_name>Cruz</last_name>
      <first_name>Ted</first_name>
      <party>R</party>
      <state>TX</state>
      <vote_cast>Yea</vote_cast>
      <lis_member_id>S355</lis_member_id>
    </member>
    <member>
      <member_full>Curtis (R-UT)</member_full>
      <last_name>Curtis</last_name>
      <first_name>John </first_name>
      <party>R</party>
      <state>UT</state>
      <vote_cast>Yea</vote_cast>
      <lis_member_id>S431</lis_member_id>
    </member>
    <member>
      <member_full>Daines (R-MT)</member_full>
      <last_name>Daines</last_name>
      <first_name>Steve</first_name>
      <party>R</party>
      <state>MT</state>
      <vote_cast>Yea</vote_cast>
      <lis_member_id>S375</lis_member_id>
    </member>
    <member>
      <member_full>Duckworth (D-IL)</member_full>
      <last_name>Duckworth</last_name>
      <first_name>Tammy</first_name>
      <party>D</party>
      <state>IL</state>
      <vote_cast>Nay</vote_cast>
      <lis_member_id>S386</lis_member_id>
    </member>
    <member>
      <member_full>Durbin (D-IL)</member_full>
      <last_name>Durbin</last_name>
      <first_name>Richard</first_name>
      <party>D</party>
      <state>IL</state>
      <vote_cast>Nay</vote_cast>
      <lis_member_id>S253</lis_member_id>
    </member>
    <member>
      <member_full>Ernst (R-IA)</member_full>
      <last_name>Ernst</last_name>
      <first_name>Joni</first_name>
      <party>R</party>
      <state>IA</state>
      <vote_cast>Yea</vote_cast>
      <lis_member_id>S376</lis_member_id>
    </member>
    <member>
      <member_full>Fetterman (D-PA)</member_full>
      <last_name>Fetterman</last_name>
      <first_name>John</first_name>
      <party>D</party>
      <state>PA</state>
      <vote_cast>Nay</vote_cast>
      <lis_member_id>S418</lis_member_id>
    </member>
    <member>
      <member_full>Fischer (R-NE)</member_full>
      <last_name>Fischer</last_name>
      <first_name>Deb</first_name>
      <party>R</party>
      <state>NE</state>
      <vote_cast>Yea</vote_cast>
      <lis_member_id>S357</lis_member_id>
    </member>
    <member>
      <member_full>Gallego (D-AZ)</member_full>
      <last_name>Gallego</last_name>
      <first_name>Ruben</first_name>
      <party>D</party>
      <state>AZ</state>
      <vote_cast>Nay</vote_cast>
      <lis_member_id>S432</lis_member_id>
    </member>
    <member>
      <member_full>Gillibrand (D-NY)</member_full>
      <last_name>Gillibrand</last_name>
      <first_name>Kirsten</first_name>
      <party>D</party>
      <state>NY</state>
      <vote_cast>Nay</vote_cast>
      <lis_member_id>S331</lis_member_id>
    </member>
    <member>
      <member_full>Graham (R-SC)</member_full>
      <last_name>Graham</last_name>
      <first_name>Lindsey</first_name>
      <party>R</party>
      <state>SC</state>
      <vote_cast>Yea</vote_cast>
      <lis_member_id>S293</lis_member_id>
    </member>
    <member>
      <member_full>Grassley (R-IA)</member_full>
      <last_name>Grassley</last_name>
      <first_name>Chuck</first_name>
      <party>R</party>
      <state>IA</state>
      <vote_cast>Yea</vote_cast>
      <lis_member_id>S153</lis_member_id>
    </member>
    <member>
      <member_full>Hagerty (R-TN)</member_full>
      <last_name>Hagerty</last_name>
      <first_name>Bill</first_name>
      <party>R</party>
      <state>TN</state>
      <vote_cast>Yea</vote_cast>
      <lis_member_id>S407</lis_member_id>
    </member>
    <member>
      <member_full>Hassan (D-NH)</member_full>
      <last_name>Hassan</last_name>
      <first_name>Maggie</first_name>
      <party>D</party>
      <state>NH</state>
      <vote_cast>Nay</vote_cast>
      <lis_member_id>S388</lis_member_id>
    </member>
    <member>
      <member_full>Hawley (R-MO)</member_full>
      <last_name>Hawley</last_name>
      <first_name>Josh</first_name>
      <party>R</party>
      <state>MO</state>
      <vote_cast>Yea</vote_cast>
      <lis_member_id>S399</lis_member_id>
    </member>
    <member>
      <member_full>Heinrich (D-NM)</member_full>
      <last_name>Heinrich</last_name>
      <first_name>Martin</first_name>
      <party>D</party>
      <state>NM</state>
      <vote_cast>Nay</vote_cast>
      <lis_member_id>S359</lis_member_id>
    </member>
    <member>
      <member_full>Hickenlooper (D-CO)</member_full>
      <last_name>Hickenlooper</last_name>
      <first_name>John</first_name>
      <party>D</party>
      <state>CO</state>
      <vote_cast>Nay</vote_cast>
      <lis_member_id>S408</lis_member_id>
    </member>
    <member>
      <member_full>Hirono (D-HI)</member_full>
      <last_name>Hirono</last_name>
      <first_name>Mazie</first_name>
      <party>D</party>
      <state>HI</state>
      <vote_cast>Nay</vote_cast>
      <lis_member_id>S361</lis_member_id>
    </member>
    <member>
      <member_full>Hoeven (R-ND)</member_full>
      <last_name>Hoeven</last_name>
      <first_name>John</first_name>
      <party>R</party>
      <state>ND</state>
      <vote_cast>Yea</vote_cast>
      <lis_member_id>S344</lis_member_id>
    </member>
    <member>
      <member_full>Husted (R-OH)</member_full>
      <last_name>Husted</last_name>
      <first_name>Jon</first_name>
      <party>R</party>
      <state>OH</state>
      <vote_cast>Yea</vote_cast>
      <lis_member_id>S438</lis_member_id>
    </member>
    <member>
      <member_full>Hyde-Smith (R-MS)</member_full>
      <last_name>Hyde-Smith</last_name>
      <first_name>Cindy</first_name>
      <party>R</party>
      <state>MS</state>
      <vote_cast>Yea</vote_cast>
      <lis_member_id>S395</lis_member_id>
    </member>
    <member>
      <member_full>Johnson (R-WI)</member_full>
      <last_name>Johnson</last_name>
      <first_name>Ron</first_name>
      <party>R</party>
      <state>WI</state>
      <vote_cast>Yea</vote_cast>
      <lis_member_id>S345</lis_member_id>
    </member>
    <member>
      <member_full>Justice (R-WV)</member_full>
      <last_name>Justice</last_name>
      <first_name>James</first_name>
      <party>R</party>
      <state>WV</state>
      <vote_cast>Yea</vote_cast>
      <lis_member_id>S437</lis_member_id>
    </member>
    <member>
      <member_full>Kaine (D-VA)</member_full>
      <last_name>Kaine</last_name>
      <first_name>Timothy</first_name>
      <party>D</party>
      <state>VA</state>
      <vote_cast>Nay</vote_cast>
      <lis_member_id>S362</lis_member_id>
    </member>
    <member>
      <member_full>Kelly (D-AZ)</member_full>
      <last_name>Kelly</last_name>
      <first_name>Mark</first_name>
      <party>D</party>
      <state>AZ</state>
      <vote_cast>Nay</vote_cast>
      <lis_member_id>S406</lis_member_id>
    </member>
    <member>
      <member_full>Kennedy (R-LA)</member_full>
      <last_name>Kennedy</last_name>
      <first_name>John</first_name>
      <party>R</party>
      <state>LA</state>
      <vote_cast>Yea</vote_cast>
      <lis_member_id>S389</lis_member_id>
    </member>
    <member>
      <member_full>Kim (D-NJ)</member_full>
      <last_name>Kim</last_name>
      <first_name>Andy</first_name>
      <party>D</party>
      <state>NJ</state>
      <vote_cast>Nay</vote_cast>
      <lis_member_id>S426</lis_member_id>
    </member>
    <member>
      <member_full>King (I-ME)</member_full>
      <last_name>King</last_name>
      <first_name>Angus</first_name>
      <party>I</party>
      <state>ME</state>
      <vote_cast>Nay</vote_cast>
      <lis_member_id>S363</lis_member_id>
    </member>
    <member>
      <member_full>Klobuchar (D-MN)</member_full>
      <last_name>Klobuchar</last_name>
      <first_name>Amy</first_name>
      <party>D</party>
      <state>MN</state>
      <vote_cast>Nay</vote_cast>
      <lis_member_id>S311</lis_member_id>
    </member>
    <member>
      <member_full>Lankford (R-OK)</member_full>
      <last_name>Lankford</last_name>
      <first_name>James</first_name>
      <party>R</party>
      <state>OK</state>
      <vote_cast>Yea</vote_cast>
      <lis_member_id>S378</lis_member_id>
    </member>
    <member>
      <member_full>Lee (R-UT)</member_full>
      <last_name>Lee</last_name>
      <first_name>Mike</first_name>
      <party>R</party>
      <state>UT</state>
      <vote_cast>Not Voting</vote_cast>
      <lis_member_id>S346</lis_member_id>
    </member>
    <member>
      <member_full>Lujan (D-NM)</member_full>
      <last_name>Lujan</last_name>
      <first_name>Ben</first_name>
      <party>D</party>
      <state>NM</state>
      <vote_cast>Nay</vote_cast>
      <lis_member_id>S409</lis_member_id>
    </member>
    <member>
      <member_full>Lummis (R-WY)</member_full>
      <last_name>Lummis</last_name>
      <first_name>Cynthia</first_name>
      <party>R</party>
      <state>WY</state>
      <vote_cast>Yea</vote_cast>
      <lis_member_id>S410</lis_member_id>
    </member>
    <member>
      <member_full>Markey (D-MA)</member_full>
      <last_name>Markey</last_name>
      <first_name>Edward</first_name>
      <party>D</party>
      <state>MA</state>
      <vote_cast>Nay</vote_cast>
      <lis_member_id>S369</lis_member_id>
    </member>
    <member>
      <member_full>Marshall (R-KS)</member_full>
      <last_name>Marshall</last_name>
      <first_name>Roger</first_name>
      <party>R</party>
      <state>KS</state>
      <vote_cast>Yea</vote_cast>
      <lis_member_id>S411</lis_member_id>
    </member>
    <member>
      <member_full>McConnell (R-KY)</member_full>
      <last_name>McConnell</last_name>
      <first_name>Mitch</first_name>
      <party>R</party>
      <state>KY</state>
      <vote_cast>Yea</vote_cast>
      <lis_member_id>S174</lis_member_id>
    </member>
    <member>
      <member_full>McCormick (R-PA)</member_full>
      <last_name>McCormick</last_name>
      <first_name>David</first_name>
      <party>R</party>
      <state>PA</state>
      <vote_cast>Yea</vote_cast>
      <lis_member_id>S433</lis_member_id>
    </member>
    <member>
      <member_full>Merkley (D-OR)</member_full>
      <last_name>Merkley</last_name>
      <first_name>Jeff</first_name>
      <party>D</party>
      <state>OR</state>
      <vote_cast>Nay</vote_cast>
      <lis_member_id>S322</lis_member_id>
    </member>
    <member>
      <member_full>Moody (R-FL)</member_full>
      <last_name>Moody</last_name>
      <first_name>Ashley</first_name>
      <party>R</party>
      <state>FL</state>
      <vote_cast>Yea</vote_cast>
      <lis_member_id>S439</lis_member_id>
    </member>
    <member>
      <member_full>Moran (R-KS)</member_full>
      <last_name>Moran</last_name>
      <first_name>Jerry</first_name>
      <party>R</party>
      <state>KS</state>
      <vote_cast>Yea</vote_cast>
      <lis_member_id>S347</lis_member_id>
    </member>
    <member>
      <member_full>Moreno (R-OH)</member_full>
      <last_name>Moreno</last_name>
      <first_name>Bernie</first_name>
      <party>R</party>
      <state>OH</state>
      <vote_cast>Yea</vote_cast>
      <lis_member_id>S434</lis_member_id>
    </member>
    <member>
      <member_full>Mullin (R-OK)</member_full>
      <last_name>Mullin</last_name>
      <first_name>Markwayne</first_name>
      <party>R</party>
      <state>OK</state>
      <vote_cast>Yea</vote_cast>
      <lis_member_id>S419</lis_member_id>
    </member>
    <member>
      <member_full>Murkowski (R-AK)</member_full>
      <last_name>Murkowski</last_name>
      <first_name>Lisa</first_name>
      <party>R</party>
      <state>AK</state>
      <vote_cast>Yea</vote_cast>
      <lis_member_id>S288</lis_member_id>
    </member>
    <member>
      <member_full>Murphy (D-CT)</member_full>
      <last_name>Murphy</last_name>
      <first_name>Christopher</first_name>
      <party>D</party>
      <state>CT</state>
      <vote_cast>Nay</vote_cast>
      <lis_member_id>S364</lis_member_id>
    </member>
    <member>
      <member_full>Murray (D-WA)</member_full>
      <last_name>Murray</last_name>
      <first_name>Patty</first_name>
      <party>D</party>
      <state>WA</state>
      <vote_cast>Nay</vote_cast>
      <lis_member_id>S229</lis_member_id>
    </member>
    <member>
      <member_full>Ossoff (D-GA)</member_full>
      <last_name>Ossoff</last_name>
      <first_name>Jon</first_name>
      <party>D</party>
      <state>GA</state>
      <vote_cast>Nay</vote_cast>
      <lis_member_id>S414</lis_member_id>
    </member>
    <member>
      <member_full>Padilla (D-CA)</member_full>
      <last_name>Padilla</last_name>
      <first_name>Alex</first_name>
      <party>D</party>
      <state>CA</state>
      <vote_cast>Nay</vote_cast>
      <lis_member_id>S413</lis_member_id>
    </member>
    <member>
      <member_full>Paul (R-KY)</member_full>
      <last_name>Paul</last_name>
      <first_name>Rand</first_name>
      <party>R</party>
      <state>KY</state>
      <vote_cast>Yea</vote_cast>
      <lis_member_id>S348</lis_member_id>
    </member>
    <member>
      <member_full>Peters (D-MI)</member_full>
      <last_name>Peters</last_name>
      <first_name>Gary</first_name>
      <party>D</party>
      <state>MI</state>
      <vote_cast>Nay</vote_cast>
      <lis_member_id>S380</lis_member_id>
    </member>
    <member>
      <member_full>Reed (D-RI)</member_full>
      <last_name>Reed</last_name>
      <first_name>John</first_name>
      <party>D</party>
      <state>RI</state>
      <vote_cast>Nay</vote_cast>
      <lis_member_id>S259</lis_member_id>
    </member>
    <member>
      <member_full>Ricketts (R-NE)</member_full>
      <last_name>Ricketts</last_name>
      <first_name>Pete</first_name>
      <party>R</party>
      <state>NE</state>
      <vote_cast>Yea</vote_cast>
      <lis_member_id>S423</lis_member_id>
    </member>
    <member>
      <member_full>Risch (R-ID)</member_full>
      <last_name>Risch</last_name>
      <first_name>James </first_name>
      <party>R</party>
      <state>ID</state>
      <vote_cast>Yea</vote_cast>
      <lis_member_id>S323</lis_member_id>
    </member>
    <member>
      <member_full>Rosen (D-NV)</member_full>
      <last_name>Rosen</last_name>
      <first_name>Jacky</first_name>
      <party>D</party>
      <state>NV</state>
      <vote_cast>Nay</vote_cast>
      <lis_member_id>S402</lis_member_id>
    </member>
    <member>
      <member_full>Rounds (R-SD)</member_full>
      <last_name>Rounds</last_name>
      <first_name>Mike</first_name>
      <party>R</party>
      <state>SD</state>
      <vote_cast>Yea</vote_cast>
      <lis_member_id>S381</lis_member_id>
    </member>
    <member>
      <member_full>Sanders (I-VT)</member_full>
      <last_name>Sanders</last_name>
      <first_name>Bernie</first_name>
      <party>I</party>
      <state>VT</state>
      <vote_cast>Nay</vote_cast>
      <lis_member_id>S313</lis_member_id>
    </member>
    <member>
      <member_full>Schatz (D-HI)</member_full>
      <last_name>Schatz</last_name>
      <first_name>Brian</first_name>
      <party>D</party>
      <state>HI</state>
      <vote_cast>Nay</vote_cast>
      <lis_member_id>S353</lis_member_id>
    </member>
    <member>
      <member_full>Schiff (D-CA)</member_full>
      <last_name>Schiff</last_name>
      <first_name>Adam</first_name>
      <party>D</party>
      <state>CA</state>
      <vote_cast>Nay</vote_cast>
      <lis_member_id>S427</lis_member_id>
    </member>
    <member>
      <member_full>Schmitt (R-MO)</member_full>
      <last_name>Schmitt</last_name>
      <first_name>Eric </first_name>
      <party>R</party>
      <state>MO</state>
      <vote_cast>Yea</vote_cast>
      <lis_member_id>S420</lis_member_id>
    </member>
    <member>
      <member_full>Schumer (D-NY)</member_full>
      <last_name>Schumer</last_name>
      <first_name>Charles</first_name>
      <party>D</party>
      <state>NY</state>
      <vote_cast>Nay</vote_cast>
      <lis_member_id>S270</lis_member_id>
    </member>
    <member>
      <member_full>Scott (R-FL)</member_full>
      <last_name>Scott</last_name>
      <first_name>Rick</first_name>
      <party>R</party>
      <state>FL</state>
      <vote_cast>Yea</vote_cast>
      <lis_member_id>S404</lis_member_id>
    </member>
    <member>
      <member_full>Scott (R-SC)</member_full>
      <last_name>Scott</last_name>
      <first_name>Tim</first_name>
      <party>R</party>
      <state>SC</state>
      <vote_cast>Yea</vote_cast>
      <lis_member_id>S365</lis_member_id>
    </member>
    <member>
      <member_full>Shaheen (D-NH)</member_full>
      <last_name>Shaheen</last_name>
      <first_name>Jeanne</first_name>
      <party>D</party>
      <state>NH</state>
      <vote_cast>Nay</vote_cast>
      <lis_member_id>S324</lis_member_id>
    </member>
    <member>
      <member_full>Sheehy (R-MT)</member_full>
      <last_name>Sheehy</last_name>
      <first_name>Tim</first_name>
      <party>R</party>
      <state>MT</state>
      <vote_cast>Yea</vote_cast>
      <lis_member_id>S435</lis_member_id>
    </member>
    <member>
      <member_full>Slotkin (D-MI)</member_full>
      <last_name>Slotkin</last_name>
      <first_name>Elissa</first_name>
      <party>D</party>
      <state>MI</state>
      <vote_cast>Nay</vote_cast>
      <lis_member_id>S436</lis_member_id>
    </member>
    <member>
      <member_full>Smith (D-MN)</member_full>
      <last_name>Smith</last_name>
      <first_name>Tina</first_name>
      <party>D</party>
      <state>MN</state>
      <vote_cast>Nay</vote_cast>
      <lis_member_id>S394</lis_member_id>
    </member>
    <member>
      <member_full>Sullivan (R-AK)</member_full>
      <last_name>Sullivan</last_name>
      <first_name>Dan</first_name>
      <party>R</party>
      <state>AK</state>
      <vote_cast>Yea</vote_cast>
      <lis_member_id>S383</lis_member_id>
    </member>
    <member>
      <member_full>Thune (R-SD)</member_full>
      <last_name>Thune</last_name>
      <first_name>John</first_name>
      <party>R</party>
      <state>SD</state>
      <vote_cast>Yea</vote_cast>
      <lis_member_id>S303</lis_member_id>
    </member>
    <member>
      <member_full>Tillis (R-NC)</member_full>
      <last_name>Tillis</last_name>
      <first_name>Thomas</first_name>
      <party>R</party>
      <state>NC</state>
      <vote_cast>Not Voting</vote_cast>
      <lis_member_id>S384</lis_member_id>
    </member>
    <member>
      <member_full>Tuberville (R-AL)</member_full>
      <last_name>Tuberville</last_name>
      <first_name>Tommy</first_name>
      <party>R</party>
      <state>AL</state>
      <vote_cast>Yea</vote_cast>
      <lis_member_id>S412</lis_member_id>
    </member>
    <member>
      <member_full>Van Hollen (D-MD)</member_full>
      <last_name>Van Hollen</last_name>
      <first_name>Chris</first_name>
      <party>D</party>
      <state>MD</state>
      <vote_cast>Nay</vote_cast>
      <lis_member_id>S390</lis_member_id>
    </member>
    <member>
      <member_full>Warner (D-VA)</member_full>
      <last_name>Warner</last_name>
      <first_name>Mark</first_name>
      <party>D</party>
      <state>VA</state>
      <vote_cast>Nay</vote_cast>
      <lis_member_id>S327</lis_member_id>
    </member>
    <member>
      <member_full>Warnock (D-GA)</member_full>
      <last_name>Warnock</last_name>
      <first_name>Raphael</first_name>
      <party>D</party>
      <state>GA</state>
      <vote_cast>Nay</vote_cast>
      <lis_member_id>S415</lis_member_id>
    </member>
    <member>
      <member_full>Warren (D-MA)</member_full>
      <last_name>Warren</last_name>
      <first_name>Elizabeth</first_name>
      <party>D</party>
      <state>MA</state>
      <vote_cast>Nay</vote_cast>
      <lis_member_id>S366</lis_member_id>
    </member>
    <member>
      <member_full>Welch (D-VT)</member_full>
      <last_name>Welch</last_name>
      <first_name>Peter</first_name>
      <party>D</party>
      <state>VT</state>
      <vote_cast>Nay</vote_cast>
      <lis_member_id>S422</lis_member_id>
    </member>
    <member>
      <member_full>Whitehouse (D-RI)</member_full>
      <last_name>Whitehouse</last_name>
      <first_name>Sheldon</first_name>
      <party>D</party>
      <state>RI</state>
      <vote_cast>Nay</vote_cast>
      <lis_member_id>S316</lis_member_id>
    </member>
    <member>
      <member_full>Wicker (R-MS)</member_full>
      <last_name>Wicker</last_name>
      <first_name>Roger</first_name>
      <party>R</party>
      <state>MS</state>
      <vote_cast>Yea</vote_cast>
      <lis_member_id>S318</lis_member_id>
    </member>
    <member>
      <member_full>Wyden (D-OR)</member_full>
      <last_name>Wyden</last_name>
      <first_name>Ron</first_name>
      <party>D</party>
      <state>OR</state>
      <vote_cast>Nay</vote_cast>
      <lis_member_id>S247</lis_member_id>
    </member>
    <member>
      <member_full>Young (R-IN)</member_full>
      <last_name>Young</last_name>
      <first_name>Todd</first_name>
      <party>R</party>
      <state>IN</state>
      <vote_cast>Yea</vote_cast>
      <lis_member_id>S391</lis_member_id>
    </member>
  </members>
</roll_call_vote>